zpao|1777|
gaearon|1555|
bvaughn|1444|
sophiebits|1268|
sebmarkbage|860|
acdlite|808|
jimfb|456|
trueadm|436|
petehunt|332|
chenglou|222|
vjeux|207|
benjamn|140|
Jeff Morrison|130|X
yungsters|120|
subtleGradient|115|
nhunzaker|94|
necolas|92|
syranide|77|
cpojer|70|
flarnie|67|
koba04|66|
aweary|66|
marocchino|45|
kohei-takata|39|
rickhanlonii|32|
TheSavior|30|
chicoxyzzy|29|
lunaruan|29|
keyz|28|
mcsheffrey|26|
bgw|24|
NE-SmallTown|22|
hellendag|21|
joshduck|21|
Sunil Pai|21|X
aickin|19|
jquense|18|
eps1lon|18|
SimenB|18|
Daniel15|17|
iamdustan|17|
threepointone|17|
philipp-spiess|17|
Simek|15|
fisherwebdev|15|
fabiomcosta|15|
sompylasar|15|
jordwalke|15|
raphamorim|15|
Charles Marsh|14|X
arkist|14|
Paul Shen|14|X
cody|14|
iamchenxin|14|
bl00mber|14|
tomocchino|14|
Brandon Dail|12|X
mroch|12|
graue|12|
Andrew Clark|11|X
ivanzotov|11|
kmeht|11|
Sunil Pai|11|X
DarkScorpion|10|
bhamodi|10|
RReverser|10|
leebyron|10|
lucasecdb|10|
Andarist|10|
fxxkscript|10|
yangshun|10|
AnSavvides|9|
andreypopp|9|
clemmy|9|
taneliang|9|
hristo-kanchev|9|
kassens|9|
jaredly|9|
joecritch|9|
raunofreiberg|9|
rickbeerendonk|9|
dependabot[bot]|9|BOT
yiminghe|9|
jddxf|9|
zertosh|8|
Andrey Safronov|8|X
camsong|8|
Edvin Erikson|8|X
hzoo|8|
ianobermiller|8|
jgebhardt|8|
motiz88|8|
SanderSpies|8|
Steven Luscher|8|X
dittos|8|
puradox|8|
elas7|8|
andrewdavey|7|
Stephanie Ding|7|X
RaitoBezarius|7|
alexeyraspopov|7|
hramos|7|
piranha|6|
awwright|6|
bripkens|6|
bspaulding|6|
DenrizSusam|6|
brigand|6|
jbonta|6|
jontewks|6|
josephsavona|6|
lrowe|6|
lyip1992|6|
mmarkelov|6|
makky3939|6|
mzabriskie|6|
matthewwithanm|6|
mxstbr|6|
NMinhNguyen|6|
pedronauck|6|
Pouja|6|
abhaynikam|5|
alexmckenley|5|
cyan33|5|
clayallsopp|5|
aaronabramov|5|
Eric O'Connell|5|X
Greg Hurrell|5|X
jfo84|5|
jbaiter|5|
joshma|5|
julen|5|
Keito Uchiyama|5|X
Keyan Zhang|5|X
jeyraof|5|
dalinaum|5|
mjul|5|
matthewjohnston4|5|
mertkahyaoglu|5|
mitermayer|5|
orta|5|
ClimbsRocks|5|
rricard|5|
submetu|5|
Jessidhia|5|
kentcdodds|5|
omarsy|4|
af|4|
armujahid|4|
AlmeroSteyn|4|
azich|4|
avanderhoorn|4|
bernard-lin|4|
brianreavis|4|
gasi|4|
hejld|4|
cbrwizard|4|
glenjamin|4|
kchia|4|
IDrissAitHafid|4|
jasonwilliams|4|
Jay Jaeho Lee|4|X
jeffreylin|4|
xjlim|4|
jonathan-beebe|4|
monkindey|4|
KyleAMathews|4|
ManasJayanth|4|
mfunkie|4|
mtharrison|4|
Matteo Vesprini-Heidrich|4|X
thymikee|4|
nmn|4|
nateq314|4|
ngavalas|4|
wherestheguac|4|
seiffert|4|
Richard Feldman|4|X
operatino|4|
misoguy|4|
skiritsis|4|
sahrens|4|
tbroadley|4|
troydemonbreun|4|
volkanunsal|4|
noyobo|4|
remixz|4|
mariodu|4|
yuyokk|4|
maciej-ka|4|
nutboltu|4|
adelevie|3|
accordeiro|3|
alexpien|3|
alexzherdev|3|
alextsg|3|
antsmartian|3|
anushreesubramani|3|
ariabuckles|3|
bobeagan|3|
Brandon Tilley|3|X
CarlMungazi|3|
conorhastings|3|
diegomura|3|
mitenka|3|
dmatteo|3|
edvinerikson|3|
ericnakagawa|3|
fgnass|3|
wincent|3|
groodt|3|
gusaiani|3|
Haroenv|3|
hugo|3|
hnordt|3|
ivan|3|
IvanVergiliev|3|
Jack-Works|3|
jtmalinowski|3|
jergason|3|
janhancic|3|
bitshadow|3|
jonhester|3|
svenheden|3|
KevinTCoughlin|3|
Kevin Lacker|3|X
thekevlau|3|
kunukn|3|
lipis|3|
markijbema|3|
mathieumg|3|
matiassingers|3|
arcanis|3|
mridgway|3|
Michael Ridgway|3|X
xixixao|3|
mihaip|3|
millermedeiros|3|
Mouad Debbar|3|X
Murad|3|X
enaqx|3|
nick-thompson|3|
nikolas|3|
ning-github|3|
Nuno Campos|3|X
passy|3|
plievone|3|
pieterv|3|
piperchester|3|
rwoodnz|3|
sktguha|3|
sambev|3|
shaneosullivan|3|
tsriram|3|
neojski|3|
trevorsmith|3|
Yeti-or|3|
fson|3|
vipulnsward|3|
madeinfree|3|
XuefengWu|3|
hkal|3|
zwhitchcox|3|
watadarkstar|3|
ryota-murakami|3|
airjp73|2|
adammark|2|
Wildhoney|2|
pluma|2|
drdelambre|2|
Tom910|2|
theKashey|2|
aruberto|2|
apaatsio|2|
anmonteiro|2|
amm385|2|
artnez|2|
gunn|2|
epicfaace|2|
basarat|2|
behzad888|2|
benhalpern|2|
benmoss|2|
bgirard|2|
brandonbloom|2|
hartzis|2|
btholt|2|
briankung|2|
brianr|2|
chentsulin|2|
calebmer|2|
ChrisSki|2|
christianalfoni|2|
monsanto|2|
clarkdo|2|
Clement Hoang|2|X
dschafer|2|
dantman|2|
djrodgerspryor|2|
divad12|2|
linshunghuang|2|
dpercy|2|
deanbrophy|2|
dmnd|2|
Elaine Fang|2|X
enguerran|2|
ericflo|2|
Erik Harper|2|X
ehellman|2|
Ethan-Arrowood|2|
philix|2|
fkling|2|
montogeek|2|
fpoumian|2|
Hypnosphi|2|
gscottolson|2|
G. Kay Lee|2|X
gabelevi|2|
GantMan|2|
garethnic|2|
georgesisco|2|
GordyD|2|
grant|2|
hmohamme|2|
hendrikswan|2|
ilyagelman|2|
oluckyman|2|
jessebeach|2|
jackson-huang|2|
jwworth|2|
ide|2|
jlongster|2|
jamesgpearce|2|
jlfwong|2|
jeanlauliac|2|
JedWatson|2|
jeffchan|2|
jdalton|2|
jonscottclark|2|
ljharb|2|
HeroProtagonist|2|
Kachulio1|2|
jnu|2|
JoshuaGross|2|
Julien Bordellier|2|X
piscolomo|2|
tae-jun|2|
quark-zju|2|
jdudak|2|
karlhorky|2|
kerolloz|2|
fkgozali|2|
kevinzwhuang|2|
lacker|2|
kevinold|2|
Kirk Steven Hansen|2|X
karczk|2|
terabaud|2|
tendant|2|
lelandrichardson|2|
levibuzolic|2|
AgtLucas|2|
Shastel|2|
protron|2|
marjan-georgiev|2|
undernewmanagement|2|
maxdeviant|2|
mhujer|2|
marvinhagemeister|2|
mbrookes|2|
Md Zubair Ahmed|2|X
michaelgmcd|2|
michaelrp|2|
mgol|2|
d4rky-pl|2|
allofthenorthwood|2|
pekim|2|
milesj|2|
Minwe LUO|2|X
M-Izadmehr|2|
mmoss|2|
murtazahaveliwala|2|
Nadia--|2|
nw|2|
nihgwu|2|
NicBonetto|2|
nicholasbs|2|
WickyNilliams|2|
oiva|2|
Oleg24|2|
DJCordhose|2|
Orjiewuru Kingdom Isaac|2|X
Pablo Lacerda de Miranda|2|X
ZoteTheMighty|2|
javache|2|
czajkowski|2|
prathamesh-sonpatki|2|
prayagverma|2|
rafd|2|
rthor|2|
rajendraarora16|2|
quadrupleslap|2|
exiadbq|2|
RichardLitt|2|
Cartas|2|
maisano|2|
richiethomas|2|
rickyvetter|2|
rileytomasek|2|
Robert Knight|2|X
darobin|2|
robinweser|2|
roderickhsiao|2|
pomber|2|
romamatusevich|2|
him2him2|2|
samselikoff|2|
STRML|2|
tux-tn|2|
scottburch|2|
sebmck|2|
theseyi|2|
yenshih|2|
ShihChi Huang|2|X
shinnn|2|
shripadk|2|
shubheksha|2|
hojberg|2|
sophiebits-humu|2|
Stephen Murphy|2|X
stkb|2|
stoyan|2|
fforw|2|
sverrejoh|2|
slorber|2|
lasekio|2|
taehwanno|2|
TanaseHagi|2|
teosz|2|
Thomas Shaddox|2|X
ThomasCrevoisier|2|
timjacobi|2|
troutowicz|2|
yangmillstheory|2|
vincentriemer|2|
vitorbal|2|
yu-tian113|2|
yhagio|2|
adasq|2|
ankitml|2|
clariroid|2|X
everdimension|2|
gitanupam|2|
guoyong yi|2|X
hanumanthan|2|
403studio|2|
imagentleman|2|
inottn|2|
jinmmd|2|
gebilaoxiong|2|
li.li|2|X
sw-yx|2|
msmania|2|
zombieJ|2|
arnihermann|2|
cookfront|2|
243083df|1|
8398a7|1|
AGCB|1|
aackerman|1|
getaaron|1|
cannona|1|
Aaron Gelter|1|X
abhisheksoni27|1|
recurx|1|
Adam|1|X
Adam Bloomston|1|X
Adam Comella|1|X
Adam Krebs|1|X
Adam Solove|1|X
Adam Stankiewicz|1|X
Adam Zapletal|1|X
Addy Osmani|1|X
Adnaan Bheda|1|X
Adrian Sieber|1|X
Aesop Wolf|1|X
Ahmad Wali Sidiqi|1|X
Airam|1|X
Alan Souza|1|X
Alastair Hole|1|X
Alec Larson|1|X
Aleem|1|X
Alex|1|X
Alex|1|X
Alex Babkov|1|X
Alex Baumgertner|1|X
Alex Boyd|1|X
Alex Dajani|1|X
Alex Jacobs|1|X
Alex Jegtnes|1|X
Alex Katopodis|1|X
Alex Lopatin|1|X
Alex Mykyta|1|X
Alex Rohleder|1|X
Alex Rohleder|1|X
Alex Taylor|1|X
Alex Zelenskiy|1|X
Alex Zherdev|1|X
Alex Zherdev|1|X
Alexander|1|X
Alexander|1|X
Alexander Shtuchkin|1|X
Alexandre Gaudencio|1|X
Alexandre Kirszenberg|1|X
Alexey|1|X
Alexey Shamrin|1|X
Alfredo Granja|1|X
Ali Taheri Moghaddar|1|X
Ali Torki|1|X
Ali Ukani|1|X
Aliaksandr Manzhula|1|X
Alican Çubukçuoğlu|1|X
Alireza Mostafizi|1|X
Alphabet Codes|1|X
Amanvir Sangha|1|X
Amjad Masad|1|X
Anastasia A|1|X
Andre Giron|1|X
Andre Z Sanchez|1|X
Andreas Möller|1|X
Andres Kalle|1|X
Andres Rojas|1|X
Andrew Cherniavskii|1|X
Andrew Cobby|1|X
Andrew Henderson|1|X
Andrew Imm|1|X
Andrew Kulakov|1|X
Andrew Lo|1|X
Andrew Patton|1|X
Andrew Poliakov|1|X
Andrew Rasmussen|1|X
Andrew Rota|1|X
Andrew Sokolov|1|X
Andrey Okonetchnikov|1|X
André|1|X
Andy Davies|1|X
Andy Edwards|1|X
Ankeet Maini|1|X
Anton Arboleda|1|X
Anuj Tomar|1|X
Anuja Ware|1|X
Anup|1|X
AoDev|1|X
April Arcus|1|X
Aria Stewart|1|X
Arian Faurtosh|1|X
Arni Fannar|1|X
Arshabh Kumar Agarwal|1|X
Artem Fitiskin|1|X
Ashish|1|X
Audy Tanudjaja|1|X
Avinash Kondeti|1|X
Ayman Osman|1|X
B.Orlov|1|X
BDav24|1|X
BEAUDRU Manuel|1|X
BJR Matos|1|X
Barry Michael Doyle|1|X
Bartosz Gordon|1|X
Bas Peeters|1|X
Battaile Fauber|1|X
Beau Smith|1|X
Behnam Mohammadi|1|X
Belmin Bedak|1|X
Ben Anderson|1|X
Ben Berman|1|X
Ben Brooks|1|X
Ben Foxall|1|X
Ben Jaffe|1|X
Ben Pernick|1|X
Benedikt Franke|1|X
Benedikt Meurer|1|X
Benedikt Meurer|1|X
Benjamin Keen|1|X
Benjamin Leiken|1|X
Benjy Cui|1|X
Benoit Girard|1|X
Benton Rochester|1|X
Bernardo Smaniotto|1|X
BetaSu|1|X
Bhumij Gupta|1|X
Bianca Del Carretto|1|X
Bill Blanchard|1|X
Billy Janitsch|1|X
Billy Janitsch|1|X
Billy Shih|1|X
Blaine Hatab|1|X
Blaine Kasten|1|X
Bob Ralian|1|X
Bob Renwick|1|X
Bobby|1|X
Bogdan|1|X
Bogdan Chadkin|1|X
Bogdan Ponomarenko|1|X
Bojan Mihelac|1|X
Boris Serdiuk|1|X
Boris Sergeev|1|X
Boris Yankov|1|X
Brad Vogel|1|X
Bradford|1|X
Brenard Cubacub|1|X
Brendan McLoughlin|1|X
Brent Vatne|1|X
Brian Cooke|1|X
Brian Hsu|1|X
Brian Kim|1|X
Brian Ng|1|X
Bruce Harris|1|X
Bruno Heridet|1|X
Bruno Scopelliti|1|X
Bruno Škvorc|1|X
Bryan Braun|1|X
Bryan M|1|X
Bryce Kalow|1|X
CT Wu|1|X
CY Lim|1|X
Cam Spiers|1|X
Cameron Chamberlain|1|X
Cameron Matheson|1|X
Carl Vitullo|1|X
Carolina Powers|1|X
Carter Chung|1|X
Cassus Adam Banko|1|X
Cat Chen|1|X
Cedric Sohrauer|1|X
Cesar William Alvarenga|1|X
Chad Fawcett|1|X
Changsoon Bok|1|X
Charlie Garcia|1|X
Chase Adams|1|X
Chen Gang|1|X
Chitharanjan Das|1|X
Chris|1|X
Chris Bianca|1|X
Chris Bolin|1|X
Chris Dobson|1|X
Chris Grovers|1|X
Chris Ha|1|X
Chris Pearce|1|X
Chris Rebert|1|X
Chris Watson|1|X
Christian Oliff|1|X
Christian Roman|1|X
Christoffer Sawicki|1|X
Christophe Hurpeau|1|X
Claire L|1|X
Claudio Brandolino|1|X
Clay Miller|1|X
Clay Tercek|1|X
CodinCat|1|X
Cody Reichert|1|X
Cody Wall|1|X
Cole Turner|1|X
Colin Wren|1|X
Conrad Irwin|1|X
Constantin Gavrilete|1|X
Cory House|1|X
Cotton Hou|1|X
Craig Akimoto|1|X
Cristovao Verstraeten|1|X
Crux|1|X
DQNEO|1|X
Dai Nguyen|1|X
Damian Nicholson|1|X
Damien Pellier|1|X
Damien Soulard|1|X
Dan Fox|1|X
Dan Nate|1|X
DanZeuss|1|X
DaniAcu|1|X
Daniel Carlsson|1|X
Daniel Cousens|1|X
Daniel Hejl|1|X
Daniel Liburd|1|X
Daniel Lo Nigro|1|X
Daniel Mané|1|X
Daniel Miladinov|1|X
Daniel Rosenwasser|1|X
Daniel Rotter|1|X
Daniel Schonfeld|1|X
Daniela Borges|1|X
Danilo Vitoriano|1|X
Danny Ben-David|1|X
Danny Hurlburt|1|X
Darcy|1|X
Daryl Lau|1|X
Darío Javier Cravero|1|X
Dave Galbraith|1|X
Dave Garwacke|1|X
Dave Lunny|1|X
Dave Voyles|1|X
David Aurelio|1|X
David Baker|1|X
David Beitey|1|X
David Ed Mellum|1|X
David Garner|1|X
David Gilbertson|1|X
David Goldberg|1|X
David Granado|1|X
David Greenspan|1|X
David Hellsing|1|X
David Hu|1|X
David Khourshid|1|X
David Mininger|1|X
David Neubauer|1|X
Dawid Loranc|1|X
Dean Shi|1|X
DeepCold|1|X
Demian Dekoninck|1|X
Denis Laxalde|1|X
Denis Pismenny|1|X
Denis Sokolov|1|X
Deniss Jacenko|1|X
Dennis Johnson|1|X
Devedse|1|X
Devinsuit|1|X
Devon Blandin|1|X
Devon Harvey|1|X
Dheeraj Kumar|1|X
Dhyey Thakore|1|X
Dima Beznos|1|X
Dimzel Sobolev|1|X
Dmitri Zaitsev|1|X
Dmitrii Abramov|1|X
Dmitriy Kovalenko|1|X
Dmitriy Kubyshkin|1|X
Dmitriy Rozhkov|1|X
Dmitry Blues|1|X
Dmitry Mazuro|1|X
Dmytro Zasyadko|1|X
Don Abrams|1|X
Dongsheng Liu|1|X
DouglasGimli|1|X
Duke Pham|1|X
Dustin Getz|1|X
Dustin Masters|1|X
Dylan Cutler|1|X
Dylan Harrington|1|X
Dylan Kirby|1|X
Edgar (Algebr)|1|X
Eduard|1|X
Eduardo Garcia|1|X
Ellis Clayton|1|X
Emanuel Tesař|1|X
Emilis Baliukonis|1|X
Emily|1|X
Ende93|1|X
Eoin Hennessy|1|X
Eric Churchill|1|X
Eric Clemmons|1|X
Eric Douglas|1|X
Eric Eastwood|1|X
Eric Elliott|1|X
Eric Matthys|1|X
Eric Pitcher|1|X
Eric Sakmar|1|X
Eric Schoffstall|1|X
Eric Soderberg|1|X
Esben Sparre Andreasen|1|X
Espen Hovlandsdal|1|X
Eugene|1|X
Eugene Maslovich|1|X
Eugene Zhlobo|1|X
EugeneGarbuzov|1|X
Evan Coonrod|1|X
Evan Jacobs|1|X
Evan Jacobs|1|X
Evan Scott|1|X
Evan Vosberg|1|X
Evyatar|1|X
FUJI Goro|1|X
Fabrizio Castellarin|1|X
Faelivrinx|1|X
Faheel Ahmad|1|X
Fanny|1|X
Fatih|1|X
Fatos Morina|1|X
Federico Rampazzo|1|X
Felix Wu|1|X
Fernando Alex Helwanger|1|X
Fernando Correia|1|X
Fernando Lores|1|X
Filip Hoško|1|X
Filip Spiridonov|1|X
Flarnie Marchan|1|X
Floris Doolaard|1|X
Fokke Zandbergen|1|X
Frank Calise|1|X
Frank Yan|1|X
François Chalifour|1|X
François-Xavier Bois|1|X
Fraser Haer|1|X
Fred Vollmer|1|X
Fred Zhao|1|X
Freddy Rangel|1|X
Fredrik Höglund|1|X
Fumiya Shibusawa|1|X
Gabriel Kalani|1|X
Gabriel Lett Viviani|1|X
Gabriel McAdams|1|X
Gabriele Prestifilippo|1|X
Gajus Kuizinas|1|X
Ganapati V S|1|X
Gareth Small|1|X
Garmash Nikolay|1|X
Garren Smith|1|X
Garrett McCullough|1|X
Gary Wang|1|X
Gasim Gasimzada|1|X
Gaurav Gupta|1|X
Gavin McQuistin|1|X
Gaëtan Renaudeau|1|X
Geert Pasteels|1|X
Geert-Jan Brits|1|X
Georgii Dolzhykov|1|X
Georgios Giannoutsos Barkas|1|X
Gerald Monaco|1|X
Gert Hengeveld|1|X
Giamir Buoncristiani|1|X
Gianmarco|1|X
Gil Chen-Zion|1|X
Gilbert|1|X
Giorgio Polvara|1|X
Giovanni Fumagalli|1|X
Giuseppe|1|X
Goffert van Gool|1|X
Greg Myers|1|X
Greg Palmer|1|X
Greg Perkins|1|X
Gregory|1|X
Grey Baker|1|X
Grgur Grisogono|1|X
Griffin Michl|1|X
Guangqiang Dong|1|X
Guido Bouman|1|X
Guilherme Oenning|1|X
Guilherme Ruiz|1|X
Guillaume Claret|1|X
Gustavo Gard|1|X
Gustavo Saiani|1|X
Haisheng Wu|1|X
Halit Ogunc|1|X
HardikModha|1|X
Harry Hull|1|X
Harry Marr|1|X
Harry Moreno|1|X
Harshad Sabne|1|X
Haseeb Khan|1|X
Hassan Alam|1|X
Hekar Khani|1|X
Hemakshi Sachdev|1|X
Hendrik Liebau|1|X
Henrik Nyh|1|X
Henry Harris|1|X
Henry Q. Dineen|1|X
Henry Wong|1|X
Hideo Matsumoto|1|X
Hikaru Suido|1|X
Hilbrand Bouwkamp|1|X
Hiroyuki Wada|1|X
Huang-Wei Chang|1|X
Hugo Agbonon|1|X
Hyeock Kwon|1|X
Iacami Gevaerd|1|X
Ian Sutherland|1|X
Ideveloper|1|X
Ignacio Carbajo|1|X
Igor Scekic|1|X
Ike Peters|1|X
Ikko Ashimine|1|X
Ilia Pavlenkov|1|X
Ilja Daderko|1|X
Ilya Shuklin|1|X
Imre Osswald|1|X
Irae Carvalho|1|X
Isaiah Nields|1|X
Islam Sharabash|1|X
ItsByteMe|1|X
Ittai Baratz|1|X
Ivan|1|X
Ivan|1|X
Ivan Krechetov|1|X
Ivan Starkov|1|X
Ives van Hoorne|1|X
J. Andrew Brassington|1|X
JD Isaacks|1|X
JJ Weber|1|X
JW|1|X
Jack|1|X
Jack Cross|1|X
Jack Hou|1|X
Jack Zhang|1|X
Jackie Wung|1|X
Jacob Gable|1|X
Jacob Greenleaf|1|X
Jacob Lamont|1|X
Jae Hun Lee|1|X
Jae Hun Ro|1|X
Jaeho Lee|1|X
Jaime Mingo|1|X
Jake Boone|1|X
James|1|X
James Brantly|1|X
James Burnett|1|X
James Friend|1|X
James George|1|X
James Ide|1|X
James Reggio|1|X
James Seppi|1|X
James South|1|X
James Wen|1|X
Jamis Charles|1|X
Jamison Dance|1|X
Jan Pöschko|1|X
Jan Raasch|1|X
Jan Schär|1|X
Jane Manchun Wong|1|X
Jared Fox|1|X
Jared Palmer|1|X
Jarrod Mosen|1|X
Jason|1|X
Jason Grlicky|1|X
Jason Ly|1|X
Jason Miller|1|X
Jason Miller|1|X
Jason O'Neil|1|X
Jason Trill|1|X
Jason Webster|1|X
Jay Phelps|1|X
Jayen Ashar|1|X
Jeff Barczewski|1|X
Jeff Carpenter|1|X
Jeff Hicken|1|X
Jeff Kolesky|1|X
Jeff Welch|1|X
Jeffrey Berry|1|X
Jeffrey Wan|1|X
Jeffrey Zhang|1|X
Jen Wong|1|X
Jeremias Menichelli|1|X
Jeremy Fairbank|1|X
Jess Telford|1|X
Jesse Katsumata|1|X
Jesse Skinner|1|X
Jessica Franco|1|X
Jiawen Geng|1|X
Jifa Jiang|1|X
Jim OBrien|1|X
Jiminikiz|1|X
Jimmy Jea|1|X
Jing Chen|1|X
Jinto Jose|1|X
Jinxiu Lee|1|X
Jirat Ki|1|X
Jiyeon Seo|1|X
Jody McIntyre|1|X
Joe Cortopassi|1|X
Joe Lencioni|1|X
Joe Stein|1|X
Joel Auterson|1|X
Joel Denning|1|X
Joel Sequeira|1|X
Johan Henriksson|1|X
Johan Tinglöf|1|X
Johannes Emerich|1|X
Johannes Lumpe|1|X
John Darryl Pelingo|1|X
John Heroy|1|X
John Leidegren|1|X
John Lin|1|X
John Longanecker|1|X
John Ryan|1|X
John Watson|1|X
John Wilson|1|X
Johnny Pribyl|1|X
Johnson|1|X
Jon Bretman|1|X
Jon Chester|1|X
Jon Madison|1|X
Jonas Enlund|1|X
Jonathan Hsu|1|X
Jonathan Silvestri|1|X
Jordan Eldredge|1|X
Jordan Rome|1|X
Jorrit Schippers|1|X
Joseph Lin|1|X
Josh Bassett|1|X
Josh Hawkins|1|X
Josh Hunt|1|X
Josh Perez|1|X
Josh Perez|1|X
Josh R|1|X
Josh Yudaken|1|X
Joshua|1|X
Joshua Evans|1|X
Joshua Go|1|X
Joshua Goldberg|1|X
Jovi De Croock|1|X
João Valente|1|X
Juan|1|X
Juan Serrano|1|X
Julian Viereck|1|X
Julien Deniau|1|X
Julien Gilli|1|X
Justas Brazauskas|1|X
Justin|1|X
Justin Grant|1|X
Justin Grant|1|X
Justin Jaffray|1|X
Justin Robison|1|X
Justin Woo|1|X
Justus Hämäläinen|1|X
Jérôme Steunou|1|X
KB|1|X
Kai Riemann|1|X
Kale|1|X
Kamron Batman|1|X
Karan Sharma|1|X
Karl Mikkelsen|1|X
Karpich Dmitry|1|X
Karthik Balakrishnan|1|X
Karthik Chintapalli|1|X
Kartik Choudhary|1|X
Kartik Lad|1|X
Kateryna|1|X
Kayla Ngan|1|X
Kaylee Knowles|1|X
Kazuhiro Sera|1|X
KeicaM|1|X
Ken Powers|1|X
Kenneth Chau|1|X
"Kevin (Kun) ""Kassimo"" Qian"|1|X
Kevin Chavez|1|X
Kevin Cheng|1|X
Kevin Huang|1|X
Kevin Lamping|1|X
Kevin Lewis|1|X
Kevin Lin|1|X
Kevin Robinson|1|X
Kevin Suttle|1|X
Kevin Weber|1|X
Kewei Jiang|1|X
Keyan Zhang|1|X
Kier Borromeo|1|X
KimCoding|1|X
Kirankumar Ambati|1|X
Kit Randel|1|X
Kite|1|X
Konstantin Yakushin|1|X
Koo Youngmin|1|X
Kristofer Selbekk|1|X
Krzysztof Kotowicz|1|X
Kuba Juszczyk|1|X
Kurt Furbush|1|X
Kurt Ruppel|1|X
Kurt Weiberth|1|X
Kyle Kelley|1|X
LEE SUK JAE|1|X
Laura buns|1|X
Laura buns|1|X
Laurent Etiemble|1|X
Lee Byron|1|X
Lee Sanghyeon|1|X
Leo Selig|1|X
Leon Fedotov|1|X
Leslie|1|X
Levi McCallum|1|X
Lewis Blackwood|1|X
Liad Yosef|1|X
Liangzhen Zhu|1|X
Lily|1|X
Linchengyi|1|X
Linus Unnebäck|1|X
Liz|1|X
Logan Allen|1|X
Lovisa Svallingson|1|X
Lucas Azzola|1|X
Lucas Lentz|1|X
Ludovico Fischer|1|X
Luigy Leon|1|X
Luke Belliveau|1|X
Luke Horvat|1|X
Léo Andrès|1|X
MICHAEL JACKSON|1|X
MIKAMI Yoshiyuki|1|X
Maher Beg|1|X
Marcelo Alves|1|X
Marcelo Jorge Vieira|1|X
Marcin K.|1|X
Marcin Kwiatkowski|1|X
Marcin Mazurek|1|X
Marcin Szczepanski|1|X
Marcio Puga|1|X
Marco|1|X
Marcos Ojeda|1|X
Marcy Sutton|1|X
Mario Schüttel|1|X
Mario Souto|1|X
Marius Skaar Ludvigsen|1|X
Mark Hintz|1|X
Mark Huang|1|X
Mark Murphy|1|X
Mark Pedrotti|1|X
Mark Penner|1|X
Mark Richardson|1|X
Mark Rushakoff|1|X
Mark Sun|1|X
Marks Polakovs|1|X
Marlon Landaverde|1|X
Martin Andert|1|X
Martin Hochel|1|X
Martin Konicek|1|X
Martin Mihaylov|1|X
Martin V|1|X
Mateusz|1|X
Mathieu Savy|1|X
Matias Larsson|1|X
Matsunoki|1|X
Matt Dunn-Rankin|1|X
Matt Hamlin|1|X
Matt Huggins|1|X
Matt Kane|1|X
Matt Stow|1|X
Matt Thomson|1|X
Matt Travi|1|X
Matthew Herbst|1|X
Matthew Hodgson|1|X
Matthew King|1|X
Matthew Looi|1|X
Matthew Miner|1|X
Matthew Shotton|1|X
Matthias Le Brun|1|X
Matthias Schiffer|1|X
Matti Nelimarkka|1|X
Mattijs Kneppers|1|X
Max Donchenko|1|X
Max F. Albrecht|1|X
Max Heiber|1|X
Max Schmeling|1|X
Maxi Ferreira|1|X
Maxim|1|X
Maxim Abramchuk|1|X
Maxime Bouveron|1|X
Maxime Nory|1|X
Maxwel D'souza|1|X
Meghnath Pillay|1|X
Merrick Christensen|1|X
Michael Chan|1|X
Michael Jackson|1|X
Michael O'Brien|1|X
Michael Orishich|1|X
Michael Sinov|1|X
Michael Terry|1|X
Michael Warner|1|X
Michael Wiencek|1|X
Michael Ziwisky|1|X
Michaël De Boey|1|X
Michał Ordon|1|X
Michele Bertoli|1|X
Michiya|1|X
Mike Groseclose|1|X
Mike Nordick|1|X
Mike Wilcox|1|X
Mikhail Osher|1|X
Mikolaj Dadela|1|X
Min ho Kim|1|X
Minwei Xu|1|X
Miorel Palii|1|X
Mitchel Humpherys|1|X
Moacir Rosa|1|X
Mohammad Aziz|1|X
Mojtaba Dashtinejad|1|X
Morgan McCauley|1|X
Morhaus|1|X
Moshe Kolodny|1|X
Murat ÇATAL|1|X
Márcio Vicente|1|X
Nadav Kaner|1|X
Nadeesha Cabral|1|X
Nadia--|1|X
Naman Goel|1|X
Nate|1|X
Nate Lee|1|X
Nate Norberg|1|X
Nathan Hardy|1|X
Nathan Schloss|1|X
Nathan Schloss|1|X
Nathan Smith|1|X
Neal Wright|1|X
Nee|1|X
Neil Kistner|1|X
Neri Marschik|1|X
NestorTejero|1|X
Nguyen Truong Duy|1|X
Nicholas Clawson|1|X
Nick Balestra|1|X
Nick Fitzgerald|1|X
Nick Kasten|1|X
Nick Merwin|1|X
Nick Presta|1|X
Nick S. Plekhanov|1|X
Nicolas Straub|1|X
Niklas Boström|1|X
Nikolay|1|X
Nikoloz Buligini|1|X
Nima Jahanshahi|1|X
Niole Nelson|1|X
Nish|1|X
Nolan Lawson|1|X
OJ Kwon|1|X
Oleksii Markhovskyi|1|X
Olivier Tassinari|1|X
Omid Hezaveh|1|X
Ori Riner|1|X
Oscar Bolmsten|1|X
Oskari Mantere|1|X
Owen Conti|1|X
Owen Coutts|1|X
Pablo Javier D. A|1|X
Paolo Moretti|1|X
Pascal Fong Kye|1|X
Pascal Fong Kye|1|X
Patrick|1|X
Patrick|1|X
Patrick Finnigan|1|X
Patrick Laughlin|1|X
Patrick Stapleton|1|X
Paul Benigeri|1|X
Paul Harper|1|X
Paul Kehrer|1|X
Paul Manta|1|X
Paul Shen|1|X
Pavlo Tymchuk|1|X
Pelle Wessman|1|X
Pete Nykänen|1|X
Peter Blazejewicz|1|X
Peter Cottle|1|X
Peter Donald|1|X
Peter Jaros|1|X
Peter Newnham|1|X
Peter Ruibal|1|X
Petri Lehtinen|1|X
Phil MacCart|1|X
Phil Quinn|1|X
Phil Rajchgot|1|X
Philip Jackson|1|X
Pleun Vanderbauwhede|1|X
Pontus Abrahamsson|1|X
Pooya Parsa|1|X
Qin Junwen|1|X
RSG|1|X
Rachel D. Cartwright|1|X
Radu-Sebastian Amarie|1|X
Rafael|1|X
Rafael Angeline|1|X
Rafael Hovhannisyan|1|X
Rafał Ruciński|1|X
Rahul Gupta|1|X
Rainer Oviir|1|X
Rajat Sehgal|1|X
Rajiv Tirumalareddy|1|X
Ramón Chancay Ortega|1|X
Randall Randall|1|X
Rane Wallin|1|X
Rango Yuan|1|X
Raymond Ha|1|X
Redmond Tran|1|X
Reed Loden|1|X
Reinier Hartog|1|X
Remko Tronçon|1|X
Renan Valentin|1|X
Rene Hangstrup Møller|1|X
Ricardo|1|X
Rich Harris|1|X
Richard|1|X
Richard D. Worth|1|X
Richard Kho|1|X
Richard Roncancio|1|X
Rick Ford|1|X
Ricky Reusser|1|X
Rimil Dey|1|X
Rob Arnold|1|X
Robert Binna|1|X
Robert Chang|1|X
Robert Ferentz|1|X
Robert Kielty|1|X
Robert Knight|1|X
Robert Martin|1|X
Robert Sedovsek|1|X
Rodrigo Bermúdez Schettino|1|X
Rodrigo Graça|1|X
Rodrigo Ribeiro|1|X
Rohan Nair|1|X
Rohith Srivathsav|1|X
Roman Hotsiy|1|X
Roman Liutikov|1|X
Roman Pominov|1|X
Roman Vanesyan|1|X
Romello Goodman|1|X
Rouven Weßling|1|X
Royi Hagigi|1|X
Rui Araújo|1|X
Russ|1|X
Ruud Burger|1|X
Ryan Florence|1|X
Ryan Seddon|1|X
Ryo Shibayama|1|X
SToneX|1|X
Sahat Yalkabov|1|X
Saif Hakim|1|X
Saiichi Hashimoto|1|X
Sakina Crocker|1|X
Sam Goldman|1|X
Sam Horton|1|X
Sam Kvale|1|X
Sam Marks|1|X
Sam Saccone|1|X
SamCortopassi|1|X
Samer Buna|1|X
Samuel|1|X
Samuel Hapák|1|X
Samuel Scheiderich|1|X
Samy Al Zahrani|1|X
Samy Al Zahrani|1|X
Santosh Venkatraman|1|X
Sassan Haradji|1|X
Satoshi Nakajima|1|X
Scott|1|X
Sean Gransee|1|X
Sean Keenan|1|X
Sean Kinsey|1|X
Sean Smith|1|X
Semen Zhydenko|1|X
Sen Yang|1|X
Senin Roman|1|X
Seoh Char|1|X
Sercan Eraslan|1|X
Serg|1|X
Sergei Startsev|1|X
Sergey Generalov|1|X
Seth Webster|1|X
Seyi|1|X
Shailendra Gupta|1|X
Shaun Trennery|1|X
Shirshak Bajgain|1|X
Shivam Sandbhor|1|X
Shogun Sea|1|X
Shota Kubota|1|X
Shuhei Kagawa|1|X
Sibi|1|X
Simon Welsh|1|X
Simone Vittori|1|X
Skasi|1|X
Snowmanzzz(Zhengzhong Zhao)|1|X
Soichiro Kawamura|1|X
Son Ki-Kyun|1|X
Sophia|1|X
Sophia Westwood|1|X
Sota Ohara|1|X
Spen Taylor|1|X
Spencer Davies|1|X
Spencer Handley|1|X
Spencer Miskoviak|1|X
Spyros Ioakeimidis|1|X
Stephen John Sorensen|1|X
Stephie|1|X
Sterling Cobb|1|X
Steve Harrison|1|X
Steve Mao|1|X
Steven Frieson|1|X
Steven Syrek|1|X
Steven Vachon|1|X
Stolenkid|1|X
Stuart Harris|1|X
SunHuawei|1|X
Sundeep Malladi|1|X
Sung M. Kim|1|X
Sung Won Cho|1|X
Sunny Juneja|1|X
Sunny Ripert|1|X
Superlaziness|1|X
Swaroop SM|1|X
Sy Tran Dung|1|X
Syed Fazle Rahman|1|X
Taegon Kim|1|X
Tanner|1|X
Tao|1|X
TedPowers|1|X
Tengfei Guo|1|X
Tetsuharu OHZEKI|1|X
Tetsuya Hasegawa|1|X
Thiago Galvani|1|X
Thibault Malbranche|1|X
Thibaut Rizzi|1|X
Thomas Boyt|1|X
Thomas Brown|1|X
Thomas Broyer|1|X
Thomas Reggi|1|X
Thomas Röggla|1|X
Thomas Shafer|1|X
Tiago Fernandez|1|X
Tiago Nunes|1|X
Tienchai Wirojsaksaree|1|X
Tim Schaub|1|X
Timur Carpeev|1|X
Tobias Reiss|1|X
Todor Totev|1|X
Tom|1|X
Tom Duncalf|1|X
Tom Gasson|1|X
Tom Haggie|1|X
Tom Hauburger|1|X
Tom MacWright|1|X
Tom Quirk|1|X
Tomoya Suzuki|1|X
Tomáš Hromada|1|X
Tony Rossi|1|X
Tony Spiro|1|X
Trinh Hoang Nhu|1|X
Trivikram Kamat|1|X
Tsung Hung|1|X
Tyler Brock|1|X
Tyler Buchea|1|X
Tyler Deitz|1|X
Ujjwal Ojha|1|X
Uladzimir Havenchyk|1|X
Usman|1|X
Ustin Zarubin|1|X
Utkarsh Kukreti|1|X
Vadim Chernysh|1|X
Valentin Shergin|1|X
Van der Auwermeulen Grégoire|1|X
Varayut Lerdkanlayanawat|1|X
Varun Bhuvanendran|1|X
Varun Rau|1|X
Vasilii Cuhar|1|X
Vedat Mahir YILMAZ|1|X
Veekas Shrivastava|1|X
Veljko Tornjanski|1|X
Veniamin Krol|1|X
Vesa Laakso|1|X
Vetrivel Chinnasamy|1|X
Vicky Chijwani|1|X
Victor Homyakov|1|X
Victor Koenders|1|X
Victoria Quirante|1|X
Vikash Agrawal|1|X
Vincent Siao|1|X
Vincent Taing|1|X
Vishal Jagtap|1|X
Vitaliy Potapov|1|X
Vitaly Kramskikh|1|X
Vladimir Kovpak|1|X
Vladimir Tikunov|1|X
Vladimir Tsibizow|1|X
Wander Wang|1|X
Waseem Dahman|1|X
Wayne Larsen|1|X
Weizenlol|1|X
Wellington Cordeiro|1|X
WickyNilliams|1|X
Wilco Fiers|1|X
Will Douglas|1|X
Will Myers|1|X
William Hoffmann|1|X
Wincent Colaiuta|1|X
Wout Mertens|1|X
XaveScor|1|X
Xavier Morel|1|X
XuMM_12|1|X
Yakov Dalinchuk|1|X
Yan Li|1|X
Yann アウネ Eves|1|X
Yasar icli|1|X
Yaxian|1|X
YeonJuan|1|X
Yi-Shan, Chen|1|X
Youngchan Je|1|X
Yunchan Cho|1|X
Yura Chuchola|1|X
Yurick|1|X
Yuriy Dybskiy|1|X
Yusong Liu|1|X
Yutaka Nakajima|1|X
Yuval Dekel|1|X
ZYSzys|1|X
Zac Braddy|1|X
Zac Smith|1|X
Zach Ramaekers|1|X
Zacharias|1|X
Zeke Sikelianos|1|X
Zen|1|X
Zhangjd|1|X
Zubair Ahmed|1|X
abiduzz420|1|X
adraeth|1|X
alisherdavronov|1|X
andreysaleba|1|X
arush|1|X
bbolek|1|X
bee0060|1|X
bel3atar|1|X
brafdlog|1|X
brillout|1|X
chen|1|X
chocolateboy|1|X
chun shang|1|X
cjshawMIT|1|X
claudiopro|1|X
cloudy1|1|X
comerc|1|X
cristidrg|1|X
cutbko|1|X
cutjavascript|1|X
davidblnc|1|X
davidxi|1|X
dependabot[bot]|1|X
dfrownfelter|1|X
djskinner|1|X
dongmeng.ldm|1|X
dongyuwei|1|X
einarq|1|X
falguniraina|1|X
finico|1|X
fnll|1|X
gillchristian|1|X
halvves|1|X
haseeb|1|X
heikkilamarko|1|X
hjmoss|1|X
iamdoron|1|X
iawia002|1|X
imjanghyuk|1|X
inkinworld|1|X
inokawa|1|X
jaaberg|1|X
jwbay|1|X
koh-taka|1|X
kohashi85|1|X
ksvitkovsky|1|X
laiso|1|X
lamo2k123|1|X
landvibe|1|X
leeyoungalias|1|X
liunian|1|X
locknono|1|X
lucas|1|X
lunaruan|1|X
matej|1|X
maxprafferty|1|X
mdogadailo|1|X
mfijas|1|X
mguidotto|1|X
mondaychen|1|X
najisawas|1|X
neeldeep|1|X
newvlad|1|X
nhducit|1|X
nico|1|X
ogom|1|X
oltrep|1|X
overlookmotel|1|X
pingan1927|1|X
plievone|1|X
pyitphyoaung|1|X
rgarifullin|1|X
rivenhk|1|X
saiyagg|1|X
scloudyy|1|X
segmentationfaulter|1|X
shifengchen|1|X
shubham|1|X
skratchdot|1|X
songawee|1|X
starkch|1|X
sugarshin|1|X
ventuno|1|X
wacii|1|X
wali-s|1|X
walrusfruitcake|1|X
wittgenst|1|X
yjimk|1|X
yongningfu|1|X
youmoo|1|X
yuntao.qyt|1|X
z.ky|1|X
zefeng|1|X
zhangjg|1|X
zhangs|1|X
zhuoli99|1|X
zthxxx|1|X
ᴜɴвʏтᴇ|1|X
伊撒尔|1|X
元彦|1|X
却痕|1|X
王晓勇|1|X
砖家|1|X
阿林|1|X
龙海燕|1|X
